repo__npm_pkg,repo__nameWithOwner,repo__hasTestScript,repo__npms_score,data__success_count,data__success_total_rate,data__success_run_rate,data__failure_count,data__failure_total_rate,data__failure_run_rate,data__pending_count,data__pending_total_rate,data__pending_run_rate
uuid,kelektiv/node-uuid,1,0.9365171821421499,23,0.8214285714285714,1,0,0,0,5,0.17857142857142858,0.21739130434782608
es6-promise,stefanpenner/es6-promise,1,0.9197364681974844,27,0.7941176470588235,0.9642857142857143,1,0.029411764705882353,0.03571428571428571,6,0.17647058823529413,0.21428571428571427
acorn,acornjs/acorn,1,0.9084750820287657,58,0.7733333333333333,1,0,0,0,17,0.22666666666666666,0.29310344827586204
postcss-loader,postcss/postcss-loader,1,0.903241439575496,62,1,1,0,0,0,0,0,0
joi,hapijs/joi,1,0.9010259339300382,181,0.8872549019607843,0.9329896907216495,13,0.06372549019607843,0.06701030927835051,10,0.049019607843137254,0.05154639175257732
cross-spawn,moxystudio/node-cross-spawn,1,0.90003783555059,48,0.8888888888888888,0.8888888888888888,6,0.1111111111111111,0.1111111111111111,0,0,0
boom,hapijs/boom,1,0.8986482296504711,61,0.9104477611940298,0.9384615384615385,4,0.05970149253731343,0.06153846153846154,2,0.029850746268656716,0.03076923076923077
jsonfile,jprichardson/node-jsonfile,1,0.8931535593394644,22,0.88,0.9166666666666666,2,0.08,0.08333333333333333,1,0.04,0.041666666666666664
ms,zeit/ms,1,0.8904368621000167,7,0.3684210526315789,1,0,0,0,12,0.631578947368421,1.7142857142857142
url-loader,webpack-contrib/url-loader,1,0.8900812043109424,14,0.4375,0.9333333333333333,1,0.03125,0.06666666666666667,17,0.53125,1.1333333333333333
vinyl,gulpjs/vinyl,1,0.8891208280688425,5,0.1724137931034483,1,0,0,0,24,0.8275862068965517,4.8
pify,sindresorhus/pify,1,0.8868071587568348,9,0.8181818181818182,0.8181818181818182,2,0.18181818181818182,0.18181818181818182,0,0,0
globby,sindresorhus/globby,1,0.8839920501793121,26,0.896551724137931,1,0,0,0,3,0.10344827586206896,0.11538461538461539
nodemailer,nodemailer/nodemailer,1,0.8838735192448669,167,0.7016806722689075,0.9382022471910112,11,0.046218487394957986,0.06179775280898876,60,0.25210084033613445,0.33707865168539325
invariant,zertosh/invariant,1,0.8778456323670596,8,0.6153846153846154,1,0,0,0,5,0.38461538461538464,0.625
ora,sindresorhus/ora,1,0.8776423306704437,26,0.7878787878787878,1,0,0,0,7,0.21212121212121213,0.2692307692307692
http-errors,jshttp/http-errors,1,0.8770410301635958,22,0.8461538461538461,0.8461538461538461,4,0.15384615384615385,0.15384615384615385,0,0,0
del,sindresorhus/del,1,0.8769807800420442,21,0.9130434782608695,0.9545454545454546,1,0.043478260869565216,0.045454545454545456,1,0.043478260869565216,0.045454545454545456
through,dominictarr/through,1,0.8758073424161721,21,0.7241379310344828,1,0,0,0,8,0.27586206896551724,0.38095238095238093
depd,dougwilson/nodejs-depd,1,0.8740735831294395,17,1,1,0,0,0,0,0,0
cors,expressjs/cors,1,0.8737772109089113,27,0.7941176470588235,0.9310344827586207,2,0.058823529411764705,0.06896551724137931,5,0.14705882352941177,0.1724137931034483
hoist-non-react-statics,mridgway/hoist-non-react-statics,1,0.8730830655755895,31,0.96875,0.96875,1,0.03125,0.03125,0,0,0
he,mathiasbynens/he,1,0.8728774247940942,5,0.18518518518518517,1,0,0,0,22,0.8148148148148148,4.4
reselect,reactjs/reselect,1,0.8723519908611429,15,0.5769230769230769,0.8823529411764706,2,0.07692307692307693,0.11764705882352941,9,0.34615384615384615,0.5294117647058824
strip-ansi,chalk/strip-ansi,1,0.8705387340285204,14,0.875,0.875,2,0.125,0.125,0,0,0
bytes,visionmedia/bytes.js,1,0.8677732153362526,6,0.375,1,0,0,0,10,0.625,1.6666666666666667
accepts,jshttp/accepts,1,0.8671300293289466,33,0.9428571428571428,1,0,0,0,2,0.05714285714285714,0.06060606060606061
eslint-plugin-jsx-a11y,evcohen/eslint-plugin-jsx-a11y,1,0.8657027249560622,58,0.8169014084507042,0.90625,6,0.08450704225352113,0.09375,7,0.09859154929577464,0.109375
xmlbuilder,oozcitak/xmlbuilder-js,1,0.8652061471566209,60,0.6521739130434783,0.8955223880597015,7,0.07608695652173914,0.1044776119402985,25,0.2717391304347826,0.373134328358209
vinyl-fs,gulpjs/vinyl-fs,1,0.8646337000914308,4,0.09090909090909091,1,0,0,0,40,0.9090909090909091,10
tar,npm/node-tar,1,0.8646039969603493,51,0.5930232558139535,0.7083333333333334,21,0.2441860465116279,0.2916666666666667,14,0.16279069767441862,0.19444444444444445
micromatch,micromatch/micromatch,1,0.864368865108242,37,0.5967741935483871,0.74,13,0.20967741935483872,0.26,12,0.1935483870967742,0.24
parseurl,pillarjs/parseurl,1,0.8641799525919962,5,0.45454545454545453,1,0,0,0,6,0.5454545454545454,1.2
type-is,jshttp/type-is,1,0.862608929021603,36,0.972972972972973,1,0,0,0,1,0.02702702702702703,0.027777777777777776
methods,jshttp/methods,1,0.862533074604311,2,0.2857142857142857,0.2857142857142857,5,0.7142857142857143,0.7142857142857143,0,0,0
hawk,hueniverse/hawk,1,0.8619059847504746,63,0.7777777777777778,0.9,7,0.08641975308641975,0.1,11,0.13580246913580246,0.15714285714285714
strip-json-comments,sindresorhus/strip-json-comments,1,0.8605610568422339,13,0.8666666666666667,0.9285714285714286,1,0.06666666666666667,0.07142857142857142,1,0.06666666666666667,0.07142857142857142
etag,jshttp/etag,1,0.8585522387199909,14,1,1,0,0,0,0,0,0
supports-color,chalk/supports-color,1,0.858348421849523,34,0.8717948717948718,0.9714285714285714,1,0.02564102564102564,0.02857142857142857,4,0.10256410256410256,0.11428571428571428
find-up,sindresorhus/find-up,1,0.8578343371895973,8,0.8,0.8888888888888888,1,0.1,0.1111111111111111,1,0.1,0.1111111111111111
camelcase,sindresorhus/camelcase,1,0.8575807041386336,18,0.8571428571428571,1,0,0,0,3,0.14285714285714285,0.16666666666666666
serve-favicon,expressjs/serve-favicon,1,0.8574633200129496,21,1,1,0,0,0,0,0,0
js-base64,dankogai/js-base64,1,0.8568974855486036,37,0.6491228070175439,0.9736842105263158,1,0.017543859649122806,0.02631578947368421,19,0.3333333333333333,0.5
content-type,jshttp/content-type,1,0.8565409175032326,4,0.8,0.8,1,0.2,0.2,0,0,0
utils-merge,jaredhanson/utils-merge,1,0.8562436933993569,1,0.5,1,0,0,0,1,0.5,1
ansi-styles,chalk/ansi-styles,1,0.8555746135609408,17,0.8095238095238095,1,0,0,0,4,0.19047619047619047,0.23529411764705882
gulp-rename,hparra/gulp-rename,1,0.8554983437282213,6,0.6,0.8571428571428571,1,0.1,0.14285714285714285,3,0.3,0.42857142857142855
statuses,jshttp/statuses,1,0.8554349417451135,9,0.6428571428571429,0.8181818181818182,2,0.14285714285714285,0.18181818181818182,3,0.21428571428571427,0.2727272727272727
figures,sindresorhus/figures,1,0.8548945928699503,17,0.8947368421052632,0.8947368421052632,2,0.10526315789473684,0.10526315789473684,0,0,0
inherits,isaacs/inherits,1,0.8543907397422148,1,0.2,0.5,1,0.2,0.5,3,0.6,1.5
basic-auth,jshttp/basic-auth,1,0.8539016937870461,7,0.7777777777777778,1,0,0,0,2,0.2222222222222222,0.2857142857142857
get-stdin,sindresorhus/get-stdin,1,0.8530350561945828,11,0.8461538461538461,0.9166666666666666,1,0.07692307692307693,0.08333333333333333,1,0.07692307692307693,0.08333333333333333
safe-buffer,feross/safe-buffer,1,0.852616171657411,10,0.9090909090909091,0.9090909090909091,1,0.09090909090909091,0.09090909090909091,0,0,0
range-parser,jshttp/range-parser,1,0.8521890892195152,5,0.45454545454545453,1,0,0,0,6,0.5454545454545454,1.2
webpack-bundle-analyzer,webpack-contrib/webpack-bundle-analyzer,1,0.8511453642399709,51,0.6986301369863014,0.9622641509433962,2,0.0273972602739726,0.03773584905660377,20,0.273972602739726,0.37735849056603776
require-directory,troygoode/node-require-directory,1,0.8509829573673163,6,0.5,1,0,0,0,6,0.5,1
json-stable-stringify,substack/json-stable-stringify,1,0.8506699491334956,6,0.75,1,0,0,0,2,0.25,0.3333333333333333
browserslist,ai/browserslist,1,0.8504157752151086,136,0.918918918918919,0.9784172661870504,3,0.02027027027027027,0.02158273381294964,9,0.060810810810810814,0.06474820143884892
mobx,mobxjs/mobx,1,0.8503073663379563,107,0.7588652482269503,0.84251968503937,20,0.14184397163120568,0.15748031496062992,14,0.09929078014184398,0.11023622047244094
base64-js,beatgammit/base64-js,1,0.8501261658093029,18,0.8181818181818182,0.9473684210526315,1,0.045454545454545456,0.05263157894736842,3,0.13636363636363635,0.15789473684210525
extend-shallow,jonschlinkert/extend-shallow,1,0.850004314771792,6,0.46153846153846156,0.75,2,0.15384615384615385,0.25,5,0.38461538461538464,0.625
cosmiconfig,davidtheclark/cosmiconfig,1,0.8493508312078792,32,0.8888888888888888,0.9411764705882353,2,0.05555555555555555,0.058823529411764705,2,0.05555555555555555,0.058823529411764705
finalhandler,pillarjs/finalhandler,1,0.849277954693014,27,1,1,0,0,0,0,0,0
array-flatten,blakeembrey/array-flatten,1,0.8491759068335724,11,0.9166666666666666,1,0,0,0,1,0.08333333333333333,0.09090909090909091
make-dir,sindresorhus/make-dir,1,0.8484832714767236,7,0.7,0.7,3,0.3,0.3,0,0,0
proxy-addr,jshttp/proxy-addr,1,0.8483711400711644,26,1,1,0,0,0,0,0,0
kind-of,jonschlinkert/kind-of,1,0.8481636444431349,10,0.38461538461538464,0.5,10,0.38461538461538464,0.5,6,0.23076923076923078,0.3
read-pkg-up,sindresorhus/read-pkg-up,1,0.8479591983023882,8,0.8888888888888888,1,0,0,0,1,0.1111111111111111,0.125
anymatch,micromatch/anymatch,1,0.8478321209596654,13,0.8125,1,0,0,0,3,0.1875,0.23076923076923078
convert-source-map,thlorenz/convert-source-map,1,0.8476346611683496,25,0.7575757575757576,1,0,0,0,8,0.24242424242424243,0.32
bl,rvagg/bl,1,0.8476279151951446,26,0.6341463414634146,0.7428571428571429,9,0.21951219512195122,0.2571428571428571,6,0.14634146341463414,0.17142857142857143
lazy-cache,jonschlinkert/lazy-cache,1,0.8474343252925634,12,0.7058823529411765,0.8,3,0.17647058823529413,0.2,2,0.11764705882352941,0.13333333333333333
color-convert,Qix-/color-convert,1,0.8473598298923533,21,0.6176470588235294,0.875,3,0.08823529411764706,0.125,10,0.29411764705882354,0.4166666666666667
chokidar,paulmillr/chokidar,1,0.8473502942025755,16,0.16494845360824742,0.4444444444444444,20,0.20618556701030927,0.5555555555555556,61,0.6288659793814433,1.6944444444444444
path-exists,sindresorhus/path-exists,1,0.8469092825273679,5,1,1,0,0,0,0,0,0
liftoff,js-cli/js-liftoff,1,0.8466980536378743,42,0.7777777777777778,0.8235294117647058,9,0.16666666666666666,0.17647058823529413,3,0.05555555555555555,0.058823529411764705
ejs,mde/ejs,1,0.8464750445518052,39,0.6,0.975,1,0.015384615384615385,0.025,25,0.38461538461538464,0.625
merge-descriptors,component/merge-descriptors,1,0.8458305642668486,1,0.25,1,0,0,0,3,0.75,3
escape-string-regexp,sindresorhus/escape-string-regexp,1,0.8456652100255281,7,0.7777777777777778,1,0,0,0,2,0.2222222222222222,0.2857142857142857
webpack-manifest-plugin,danethurber/webpack-manifest-plugin,1,0.8455557656334105,22,0.7333333333333333,0.8148148148148148,5,0.16666666666666666,0.18518518518518517,3,0.1,0.1111111111111111
vary,jshttp/vary,1,0.8454026140326387,7,1,1,0,0,0,0,0,0
string-width,sindresorhus/string-width,1,0.8449098292974412,11,0.8461538461538461,1,0,0,0,2,0.15384615384615385,0.18181818181818182
cliui,yargs/cliui,1,0.844189321701569,15,0.6521739130434783,1,0,0,0,8,0.34782608695652173,0.5333333333333333
ansi-regex,chalk/ansi-regex,1,0.8439454888468545,12,1,1,0,0,0,0,0,0
webpack-merge,survivejs/webpack-merge,1,0.8436116588518652,79,0.9186046511627907,0.9186046511627907,7,0.08139534883720931,0.08139534883720931,0,0,0
xtend,Raynos/xtend,1,0.8433741587211352,0,0,NaN,0,0,NaN,16,1,Infinity
ajv-keywords,epoberezkin/ajv-keywords,1,0.8432657000448233,38,0.9047619047619048,0.9743589743589743,1,0.023809523809523808,0.02564102564102564,3,0.07142857142857142,0.07692307692307693
html-entities,mdevils/node-html-entities,1,0.8429721151047715,5,0.14285714285714285,0.8333333333333334,1,0.02857142857142857,0.16666666666666666,29,0.8285714285714286,4.833333333333333
on-headers,jshttp/on-headers,1,0.8426368020318564,3,0.75,1,0,0,0,1,0.25,0.3333333333333333
slash,sindresorhus/slash,1,0.8425335444649682,6,1,1,0,0,0,0,0,0
request-promise,request/request-promise,1,0.8425286092758096,25,0.6410256410256411,0.9259259259259259,2,0.05128205128205128,0.07407407407407407,12,0.3076923076923077,0.4444444444444444
follow-redirects,olalonde/follow-redirects,1,0.8424582859939201,38,0.8085106382978723,0.95,2,0.0425531914893617,0.05,7,0.14893617021276595,0.175
assert,defunctzombie/commonjs-assert,1,0.841895741959301,11,0.7857142857142857,0.8461538461538461,2,0.14285714285714285,0.15384615384615385,1,0.07142857142857142,0.07692307692307693
serialize-javascript,yahoo/serialize-javascript,1,0.8417660454174409,20,0.9523809523809523,1,0,0,0,1,0.047619047619047616,0.05
read-pkg,sindresorhus/read-pkg,1,0.8416478047462406,9,0.8181818181818182,0.9,1,0.09090909090909091,0.1,1,0.09090909090909091,0.1
ignore,kaelzhang/node-ignore,1,0.8416457666349196,56,0.7,0.7887323943661971,15,0.1875,0.2112676056338028,9,0.1125,0.1267605633802817
common-tags,declandewet/common-tags,1,0.8416297447235993,0,0,NaN,0,0,NaN,24,1,Infinity
signal-exit,tapjs/signal-exit,1,0.8413963800938801,6,0.42857142857142855,0.6666666666666666,3,0.21428571428571427,0.3333333333333333,5,0.35714285714285715,0.5555555555555556
strip-bom,sindresorhus/strip-bom,1,0.8410455322719641,9,1,1,0,0,0,0,0,0
mz,normalize/mz,1,0.8409205450203346,19,0.8636363636363636,1,0,0,0,3,0.13636363636363635,0.15789473684210525
filesize,avoidwork/filesize.js,1,0.8406325475524732,60,0.8,0.8955223880597015,7,0.09333333333333334,0.1044776119402985,8,0.10666666666666667,0.11940298507462686
globals,sindresorhus/globals,1,0.8403127097762253,80,0.9090909090909091,1,0,0,0,8,0.09090909090909091,0.1
fast-deep-equal,epoberezkin/fast-deep-equal,1,0.8401396490069653,13,0.9285714285714286,1,0,0,0,1,0.07142857142857142,0.07692307692307693
path-is-absolute,sindresorhus/path-is-absolute,1,0.8400817711034121,2,0.6666666666666666,1,0,0,0,1,0.3333333333333333,0.5
log-symbols,sindresorhus/log-symbols,1,0.8398943480577692,7,0.7777777777777778,1,0,0,0,2,0.2222222222222222,0.2857142857142857
asap,kriskowal/asap,1,0.8397744311633111,3,0.375,0.42857142857142855,4,0.5,0.5714285714285714,1,0.125,0.14285714285714285
resolve-from,sindresorhus/resolve-from,1,0.8393802434027469,6,1,1,0,0,0,0,0,0
load-json-file,sindresorhus/load-json-file,1,0.8386426671296272,13,1,1,0,0,0,0,0,0
helmet,helmetjs/helmet,1,0.8383586145005908,73,0.6636363636363637,1,0,0,0,37,0.33636363636363636,0.5068493150684932
is-number,jonschlinkert/is-number,1,0.838301355478934,9,0.6,0.8181818181818182,2,0.13333333333333333,0.18181818181818182,4,0.26666666666666666,0.36363636363636365
encodeurl,pillarjs/encodeurl,1,0.8382587192173514,3,1,1,0,0,0,0,0,0
loud-rejection,sindresorhus/loud-rejection,1,0.8382497513364475,11,1,1,0,0,0,0,0,0
split,dominictarr/split,1,0.8376894279296947,4,0.2,0.8,1,0.05,0.2,15,0.75,3
ipaddr.js,whitequark/ipaddr.js,1,0.8376830178502417,19,0.59375,1,0,0,0,13,0.40625,0.6842105263157895
destroy,stream-utils/destroy,1,0.8366440310299001,2,1,1,0,0,0,0,0,0
balanced-match,juliangruber/balanced-match,1,0.8362314337440808,9,0.9,0.9,1,0.1,0.1,0,0,0
indent-string,sindresorhus/indent-string,1,0.8361707354765451,15,1,1,0,0,0,0,0,0
parse-json,sindresorhus/parse-json,1,0.8359973036592869,6,0.6666666666666666,1,0,0,0,3,0.3333333333333333,0.5
pinkie-promise,floatdrop/pinkie-promise,1,0.8359689805697217,3,1,1,0,0,0,0,0,0
standard,standard/standard,1,0.8353502506165263,156,0.8914285714285715,0.9122807017543859,15,0.08571428571428572,0.08771929824561403,4,0.022857142857142857,0.023391812865497075
type-detect,chaijs/type-detect,1,0.8352369820179746,4,1,1,0,0,0,0,0,0
normalize-url,sindresorhus/normalize-url,1,0.8350814139185522,37,0.9487179487179487,0.9487179487179487,2,0.05128205128205128,0.05128205128205128,0,0,0
configstore,yeoman/configstore,1,0.8346100050000695,28,0.9333333333333333,0.9655172413793104,1,0.03333333333333333,0.034482758620689655,1,0.03333333333333333,0.034482758620689655
bignumber.js,MikeMcl/bignumber.js,1,0.8343887654808877,35,0.7,0.9459459459459459,2,0.04,0.05405405405405406,13,0.26,0.35135135135135137
repeat-string,jonschlinkert/repeat-string,1,0.8343120907147121,4,0.23529411764705882,0.8,1,0.058823529411764705,0.2,12,0.7058823529411765,2.4
decamelize,sindresorhus/decamelize,1,0.834173557502282,11,0.9166666666666666,1,0,0,0,1,0.08333333333333333,0.09090909090909091
eventsource,EventSource/eventsource,1,0.8340071081755283,19,0.6551724137931034,0.8260869565217391,4,0.13793103448275862,0.17391304347826086,6,0.20689655172413793,0.2608695652173913
hapi,hapijs/hapi,1,0.8337769558848689,184,0.6764705882352942,0.8558139534883721,31,0.11397058823529412,0.14418604651162792,57,0.20955882352941177,0.2651162790697674
set-value,jonschlinkert/set-value,1,0.8334379520599342,15,0.7894736842105263,1,0,0,0,4,0.21052631578947367,0.26666666666666666
globule,cowboy/node-globule,1,0.8334347235119424,7,0.7777777777777778,1,0,0,0,2,0.2222222222222222,0.2857142857142857
detect-indent,sindresorhus/detect-indent,1,0.8334217901561183,14,1,1,0,0,0,0,0,0
request-promise-native,request/request-promise-native,1,0.8332695171403143,9,0.8181818181818182,0.9,1,0.09090909090909091,0.1,1,0.09090909090909091,0.1
wrap-ansi,chalk/wrap-ansi,1,0.8332143219867353,14,0.9333333333333333,1,0,0,0,1,0.06666666666666667,0.07142857142857142
object.assign,ljharb/object.assign,1,0.8332106010636082,23,0.8518518518518519,0.92,2,0.07407407407407407,0.08,2,0.07407407407407407,0.08
postcss-flexbugs-fixes,luisrudge/postcss-flexbugs-fixes,1,0.8330588524101377,16,0.7619047619047619,0.9411764705882353,1,0.047619047619047616,0.058823529411764705,4,0.19047619047619047,0.23529411764705882
replace-ext,gulpjs/replace-ext,1,0.8330542253296975,2,0.5,0.5,2,0.5,0.5,0,0,0
is-stream,sindresorhus/is-stream,1,0.8329599972898234,4,1,1,0,0,0,0,0,0
fast-levenshtein,hiddentao/fast-levenshtein,1,0.8328903573903255,17,0.85,0.9444444444444444,1,0.05,0.05555555555555555,2,0.1,0.1111111111111111
define-property,jonschlinkert/define-property,1,0.832785457441476,2,0.16666666666666666,0.3333333333333333,4,0.3333333333333333,0.6666666666666666,6,0.5,1
has-flag,sindresorhus/has-flag,1,0.8325044798200278,4,1,1,0,0,0,0,0,0
normalize-path,jonschlinkert/normalize-path,1,0.8324707008306818,4,0.4,0.8,1,0.1,0.2,5,0.5,1
sha.js,crypto-browserify/sha.js,1,0.8323363307369096,29,0.7435897435897436,0.90625,3,0.07692307692307693,0.09375,7,0.1794871794871795,0.21875
is-promise,then/is-promise,1,0.8322274795825788,5,0.7142857142857143,0.8333333333333334,1,0.14285714285714285,0.16666666666666666,1,0.14285714285714285,0.16666666666666666
regenerate,mathiasbynens/regenerate,1,0.8322009367578123,14,0.5384615384615384,1,0,0,0,12,0.46153846153846156,0.8571428571428571
compressible,jshttp/compressible,1,0.8321692943824106,25,0.9615384615384616,1,0,0,0,1,0.038461538461538464,0.04
loose-envify,zertosh/loose-envify,1,0.8320741343655997,6,1,1,0,0,0,0,0,0
get-stream,sindresorhus/get-stream,1,0.8319721360986692,12,0.8,0.9230769230769231,1,0.06666666666666667,0.07692307692307693,2,0.13333333333333333,0.15384615384615385
object-keys,ljharb/object-keys,1,0.8318242952054489,29,0.90625,1,0,0,0,3,0.09375,0.10344827586206896
cryptiles,hapijs/cryptiles,1,0.8315093789693051,26,0.8666666666666667,0.896551724137931,3,0.1,0.10344827586206896,1,0.03333333333333333,0.034482758620689655
glob-parent,es128/glob-parent,1,0.8311162623128987,1,0.07692307692307693,1,0,0,0,12,0.9230769230769231,12
y18n,yargs/y18n,1,0.8306998700426496,7,0.5,1,0,0,0,7,0.5,1
get-value,jonschlinkert/get-value,1,0.8303916325664118,18,0.6,1,0,0,0,12,0.4,0.6666666666666666
brace-expansion,juliangruber/brace-expansion,1,0.8300000509069272,9,0.5294117647058824,0.8181818181818182,2,0.11764705882352941,0.18181818181818182,6,0.35294117647058826,0.5454545454545454
object.omit,jonschlinkert/object.omit,1,0.8299344509691491,2,0.4,0.6666666666666666,1,0.2,0.3333333333333333,2,0.4,0.6666666666666666
pretty-bytes,sindresorhus/pretty-bytes,1,0.8294882635473921,19,0.8260869565217391,1,0,0,0,4,0.17391304347826086,0.21052631578947367
update-notifier,yeoman/update-notifier,1,0.82945158493458,34,0.85,0.9714285714285714,1,0.025,0.02857142857142857,5,0.125,0.14285714285714285
merge-stream,grncdr/merge-stream,1,0.829387955364652,10,0.7692307692307693,1,0,0,0,3,0.23076923076923078,0.3
is-plain-object,jonschlinkert/is-plain-object,1,0.8292951246226465,5,0.38461538461538464,0.7142857142857143,2,0.15384615384615385,0.2857142857142857,6,0.46153846153846156,0.8571428571428571
app-root-path,inxilpro/node-app-root-path,1,0.8292395501754759,6,0.46153846153846156,0.6666666666666666,3,0.23076923076923078,0.3333333333333333,4,0.3076923076923077,0.4444444444444444
mem,sindresorhus/mem,1,0.828734549118842,15,0.75,0.9375,1,0.05,0.0625,4,0.2,0.25
find-cache-dir,avajs/find-cache-dir,1,0.8285916383301872,8,0.8,0.8888888888888888,1,0.1,0.1111111111111111,1,0.1,0.1111111111111111
yauzl,thejoshwolfe/yauzl,1,0.8283082002191504,15,0.6,0.9375,1,0.04,0.0625,9,0.36,0.5625
ansi-escapes,sindresorhus/ansi-escapes,1,0.8282480722621538,16,0.8888888888888888,0.9411764705882353,1,0.05555555555555555,0.058823529411764705,1,0.05555555555555555,0.058823529411764705
postcss-load-config,michael-ciniawsky/postcss-load-config,1,0.8282402527054875,12,0.8,0.9230769230769231,1,0.06666666666666667,0.07692307692307693,2,0.13333333333333333,0.15384615384615385
findup-sync,js-cli/node-findup-sync,1,0.8280415027198471,3,0.2,1,0,0,0,12,0.8,4
boxen,sindresorhus/boxen,1,0.8277126018793775,25,0.9615384615384616,1,0,0,0,1,0.038461538461538464,0.04
arr-diff,jonschlinkert/arr-diff,1,0.8274143536438594,2,0.25,1,0,0,0,6,0.75,3
to-fast-properties,sindresorhus/to-fast-properties,1,0.8273107421578458,7,1,1,0,0,0,0,0,0
har-validator,ahmadnassri/har-validator,1,0.8271541618594669,24,0.9230769230769231,1,0,0,0,2,0.07692307692307693,0.08333333333333333
unpipe,stream-utils/unpipe,1,0.8269011751306643,1,1,1,0,0,0,0,0,0
path-type,sindresorhus/path-type,1,0.826803579293294,5,0.8333333333333334,1,0,0,0,1,0.16666666666666666,0.2
os-tmpdir,sindresorhus/os-tmpdir,1,0.8266339138357542,3,1,1,0,0,0,0,0,0
is-extendable,jonschlinkert/is-extendable,1,0.8264726155342044,2,0.5,1,0,0,0,2,0.5,1
array-uniq,sindresorhus/array-uniq,1,0.8264287449828526,8,1,1,0,0,0,0,0,0
postcss-calc,postcss/postcss-calc,1,0.8261338035415859,23,0.9583333333333334,1,0,0,0,1,0.041666666666666664,0.043478260869565216
postcss-value-parser,TrySound/postcss-value-parser,1,0.8259351770379221,32,0.9142857142857143,0.9696969696969697,1,0.02857142857142857,0.030303030303030304,2,0.05714285714285714,0.06060606060606061
should,shouldjs/should.js,1,0.825932696220315,65,0.5701754385964912,0.9154929577464789,6,0.05263157894736842,0.08450704225352113,43,0.37719298245614036,0.6056338028169014
execa,sindresorhus/execa,1,0.8256567246119016,32,0.9142857142857143,0.9411764705882353,2,0.05714285714285714,0.058823529411764705,1,0.02857142857142857,0.029411764705882353
set-blocking,yargs/set-blocking,1,0.8253767344849126,1,0.5,0.5,1,0.5,0.5,0,0,0
mixin-deep,jonschlinkert/mixin-deep,1,0.8253381699421594,7,0.5833333333333334,0.7,3,0.25,0.3,2,0.16666666666666666,0.2
q,kriskowal/q,1,0.8252059099029824,19,0.2676056338028169,0.76,6,0.08450704225352113,0.24,46,0.647887323943662,1.84
es6-symbol,medikoo/es6-symbol,1,0.8251335389309957,12,0.9230769230769231,1,0,0,0,1,0.07692307692307693,0.08333333333333333
p-limit,sindresorhus/p-limit,1,0.8250462171921131,8,0.5714285714285714,0.8888888888888888,1,0.07142857142857142,0.1111111111111111,5,0.35714285714285715,0.5555555555555556
process-nextick-args,calvinmetcalf/process-nextick-args,1,0.8244575368488043,9,0.9,0.9,1,0.1,0.1,0,0,0
ee-first,jonathanong/ee-first,1,0.8242893954714063,4,0.5,1,0,0,0,4,0.5,1
growl,tj/node-growl,1,0.8242538060087972,3,0.125,0.75,1,0.041666666666666664,0.25,20,0.8333333333333334,5
camelcase-keys,sindresorhus/camelcase-keys,1,0.8241113018632815,17,0.9444444444444444,1,0,0,0,1,0.05555555555555555,0.058823529411764705
cli-cursor,sindresorhus/cli-cursor,1,0.8241071405534879,7,1,1,0,0,0,0,0,0
longest,jonschlinkert/longest,1,0.8239870166963319,4,0.4444444444444444,1,0,0,0,5,0.5555555555555556,1.25
hoek,hapijs/hoek,1,0.8239264537256812,95,0.8482142857142857,0.9223300970873787,8,0.07142857142857142,0.07766990291262135,9,0.08035714285714286,0.08737864077669903
is-windows,jonschlinkert/is-windows,1,0.823433617879159,5,0.8333333333333334,1,0,0,0,1,0.16666666666666666,0.2
glob-stream,gulpjs/glob-stream,1,0.823327226257411,2,0.043478260869565216,1,0,0,0,44,0.9565217391304348,22
sntp,hueniverse/sntp,1,0.8232740469826725,17,0.5666666666666667,0.6538461538461539,9,0.3,0.34615384615384615,4,0.13333333333333333,0.15384615384615385
error-ex,Qix-/node-error-ex,1,0.8230826334263271,15,0.9375,0.9375,1,0.0625,0.0625,0,0,0
postcss-cssnext,MoOx/postcss-cssnext,1,0.8230696571700908,8,0.42105263157894735,0.5714285714285714,6,0.3157894736842105,0.42857142857142855,5,0.2631578947368421,0.35714285714285715
es6-promisify,digitaldesignlabs/es6-promisify,1,0.822631464560007,7,0.4375,1,0,0,0,9,0.5625,1.2857142857142858
crc,alexgorbatchev/node-crc,1,0.8222946135007722,5,0.21739130434782608,0.5,5,0.21739130434782608,0.5,13,0.5652173913043478,1.3
jasmine,jasmine/jasmine-npm,1,0.8222342912574638,29,0.90625,1,0,0,0,3,0.09375,0.10344827586206896
pkg-dir,sindresorhus/pkg-dir,1,0.8221595284558838,6,0.8571428571428571,1,0,0,0,1,0.14285714285714285,0.16666666666666666
throat,ForbesLindesay/throat,1,0.8220633235661011,5,0.45454545454545453,0.5,5,0.45454545454545453,0.5,1,0.09090909090909091,0.1
os-locale,sindresorhus/os-locale,1,0.821869345398377,15,1,1,0,0,0,0,0,0
which-module,nexdrew/which-module,1,0.8218557913441984,2,1,1,0,0,0,0,0,0
domain-browser,bevry/domain-browser,1,0.8218087082679036,6,0.16216216216216217,0.6666666666666666,3,0.08108108108108109,0.3333333333333333,28,0.7567567567567568,3.111111111111111
crypto-browserify,crypto-browserify/crypto-browserify,1,0.8217237907737933,47,0.6266666666666667,0.6811594202898551,22,0.29333333333333333,0.3188405797101449,6,0.08,0.08695652173913043
hash.js,indutny/hash.js,1,0.8217069045699144,14,0.8235294117647058,0.875,2,0.11764705882352941,0.125,1,0.058823529411764705,0.0625
is-plain-obj,sindresorhus/is-plain-obj,1,0.8214631405920274,4,0.8,1,0,0,0,1,0.2,0.25
gzip-size,sindresorhus/gzip-size,1,0.8213373020966301,15,0.8823529411764706,0.9375,1,0.058823529411764705,0.0625,1,0.058823529411764705,0.0625
string_decoder,rvagg/string_decoder,1,0.8212972532107176,0,0,NaN,0,0,NaN,8,1,Infinity
sass-graph,xzyfer/sass-graph,1,0.8212116116461547,20,0.7692307692307693,0.9090909090909091,2,0.07692307692307693,0.09090909090909091,4,0.15384615384615385,0.18181818181818182
ultron,unshiftio/ultron,1,0.821119402031409,5,1,1,0,0,0,0,0,0
defined,substack/defined,1,0.8211014729788662,1,0.5,1,0,0,0,1,0.5,1
eslint-plugin-node,mysticatea/eslint-plugin-node,1,0.8210741243156523,54,0.9310344827586207,0.9473684210526315,3,0.05172413793103448,0.05263157894736842,1,0.017241379310344827,0.017543859649122806
object.pick,jonschlinkert/object.pick,1,0.8210627160006105,5,0.7142857142857143,1,0,0,0,2,0.2857142857142857,0.4
querystringify,unshiftio/querystringify,1,0.8209427086029737,7,0.7,1,0,0,0,3,0.3,0.42857142857142855
randomatic,jonschlinkert/randomatic,1,0.8208605386814272,9,0.47368421052631576,0.9,1,0.05263157894736842,0.1,9,0.47368421052631576,0.9
ieee754,feross/ieee754,1,0.8206567951409895,15,0.8823529411764706,0.9375,1,0.058823529411764705,0.0625,1,0.058823529411764705,0.0625
stream-http,jhiesey/stream-http,1,0.8205740550891246,28,0.6666666666666666,0.7,12,0.2857142857142857,0.3,2,0.047619047619047616,0.05
domhandler,fb55/domhandler,1,0.8205310543211086,15,0.6818181818181818,0.7894736842105263,4,0.18181818181818182,0.21052631578947367,3,0.13636363636363635,0.15789473684210525
leven,sindresorhus/leven,1,0.8203445371458722,7,1,1,0,0,0,0,0,0
has-value,jonschlinkert/has-value,1,0.8199606362472633,8,1,1,0,0,0,0,0,0
js-tokens,lydell/js-tokens,1,0.8199253693542048,16,1,1,0,0,0,0,0,0
errorhandler,expressjs/errorhandler,1,0.8198377488785678,22,0.9565217391304348,1,0,0,0,1,0.043478260869565216,0.045454545454545456
user-home,sindresorhus/user-home,1,0.8196840764532742,4,1,1,0,0,0,0,0,0
es-abstract,ljharb/es-abstract,1,0.8195092636790897,40,0.8163265306122449,0.9090909090909091,4,0.08163265306122448,0.09090909090909091,5,0.10204081632653061,0.11363636363636363
sort-keys,sindresorhus/sort-keys,1,0.8192506682983882,8,0.8,1,0,0,0,2,0.2,0.25
repeating,sindresorhus/repeating,1,0.819206768271237,9,1,1,0,0,0,0,0,0
detective,browserify/detective,1,0.8191926281664608,28,0.7,0.9333333333333333,2,0.05,0.06666666666666667,10,0.25,0.3333333333333333
os-homedir,sindresorhus/os-homedir,1,0.81914609004041,3,1,1,0,0,0,0,0,0
portfinder,indexzero/node-portfinder,1,0.8191219653665285,25,0.78125,0.8333333333333334,5,0.15625,0.16666666666666666,2,0.0625,0.06666666666666667
arrify,sindresorhus/arrify,1,0.8190590662851003,4,1,1,0,0,0,0,0,0
deepmerge,KyleAMathews/deepmerge,1,0.8186830369708717,30,0.6976744186046512,0.9090909090909091,3,0.06976744186046512,0.09090909090909091,10,0.23255813953488372,0.30303030303030304
setimmediate,YuzuJS/setImmediate,1,0.8184165240118237,0,0,NaN,0,0,NaN,6,1,Infinity
color-string,Qix-/color-string,1,0.8183694257253497,13,0.52,1,0,0,0,12,0.48,0.9230769230769231
change-case,blakeembrey/change-case,1,0.8181678935075098,11,0.4074074074074074,0.9166666666666666,1,0.037037037037037035,0.08333333333333333,15,0.5555555555555556,1.25
strip-indent,sindresorhus/strip-indent,1,0.8180827520008174,7,0.875,0.875,1,0.125,0.125,0,0,0
window-size,jonschlinkert/window-size,1,0.8180632586052055,6,0.6,0.8571428571428571,1,0.1,0.14285714285714285,3,0.3,0.42857142857142855
caniuse-api,Nyalab/caniuse-api,1,0.8176361990113358,16,0.8888888888888888,0.9411764705882353,1,0.05555555555555555,0.058823529411764705,1,0.05555555555555555,0.058823529411764705
deep-eql,chaijs/deep-eql,1,0.8170523777930898,4,1,1,0,0,0,0,0,0
package-json,sindresorhus/package-json,1,0.8170193484658661,28,1,1,0,0,0,0,0,0
big.js,MikeMcl/big.js,1,0.8168238729484457,4,0.13793103448275862,1,0,0,0,25,0.8620689655172413,6.25
arr-flatten,jonschlinkert/arr-flatten,1,0.8168154696889066,2,0.25,0.5,2,0.25,0.5,4,0.5,1
builtin-modules,sindresorhus/builtin-modules,1,0.8163941072940202,7,0.875,1,0,0,0,1,0.125,0.14285714285714285
cssesc,mathiasbynens/cssesc,1,0.8163874787025291,4,0.8,1,0,0,0,1,0.2,0.25
log-update,sindresorhus/log-update,1,0.8162632939601886,14,1,1,0,0,0,0,0,0
array-includes,ljharb/array-includes,1,0.8156124412209622,0,0,NaN,0,0,NaN,17,1,Infinity
cli-width,knownasilya/cli-width,1,0.8149928328646956,5,0.5,1,0,0,0,5,0.5,1
internal-ip,sindresorhus/internal-ip,1,0.814983321406546,16,0.8888888888888888,1,0,0,0,2,0.1111111111111111,0.125
multipipe,juliangruber/multipipe,1,0.814795710520291,13,0.6842105263157895,0.8666666666666667,2,0.10526315789473684,0.13333333333333333,4,0.21052631578947367,0.26666666666666666
circular-json,WebReflection/circular-json,1,0.8147377467330853,19,0.8636363636363636,0.9047619047619048,2,0.09090909090909091,0.09523809523809523,1,0.045454545454545456,0.047619047619047616
shallowequal,dashed/shallowequal,1,0.8147064199412934,5,0.625,1,0,0,0,3,0.375,0.6
neo-async,suguru03/neo-async,1,0.8145871206079004,65,0.8783783783783784,0.9701492537313433,2,0.02702702702702703,0.029850746268656716,7,0.0945945945945946,0.1044776119402985
p-finally,sindresorhus/p-finally,1,0.8144915754502522,3,1,1,0,0,0,0,0,0
micro,zeit/micro,1,0.8144854712531976,39,0.975,1,0,0,0,1,0.025,0.02564102564102564
onetime,sindresorhus/onetime,1,0.8142980824140118,10,0.8333333333333334,1,0,0,0,2,0.16666666666666666,0.2
create-hmac,crypto-browserify/createHmac,1,0.8142747506747317,8,0.7272727272727273,0.8888888888888888,1,0.09090909090909091,0.1111111111111111,2,0.18181818181818182,0.2222222222222222
run-async,SBoudrias/run-async,1,0.8140655350736502,6,0.75,0.8571428571428571,1,0.125,0.14285714285714285,1,0.125,0.14285714285714285
arr-union,jonschlinkert/arr-union,1,0.8139473488129987,1,0.16666666666666666,1,0,0,0,5,0.8333333333333334,5
code-point-at,sindresorhus/code-point-at,1,0.8137216916096752,3,1,1,0,0,0,0,0,0
require-from-string,floatdrop/require-from-string,1,0.8136692114012691,9,1,1,0,0,0,0,0,0
source-list-map,webpack/source-list-map,1,0.8136158866788787,12,0.75,0.8,3,0.1875,0.2,1,0.0625,0.06666666666666667
pump,mafintosh/pump,1,0.8135856706592284,11,0.44,1,0,0,0,14,0.56,1.2727272727272727
npm-run-path,sindresorhus/npm-run-path,1,0.8135504179562436,8,1,1,0,0,0,0,0,0
define-properties,ljharb/define-properties,1,0.8133086996029164,6,0.8571428571428571,1,0,0,0,1,0.14285714285714285,0.16666666666666666
for-in,jonschlinkert/for-in,1,0.8131610077689617,4,0.4,0.5714285714285714,3,0.3,0.42857142857142855,3,0.3,0.42857142857142855
number-is-nan,sindresorhus/number-is-nan,1,0.813148545127651,2,0.6666666666666666,1,0,0,0,1,0.3333333333333333,0.5
align-text,jonschlinkert/align-text,1,0.8130709792292035,4,0.5714285714285714,0.8,1,0.14285714285714285,0.2,2,0.2857142857142857,0.4
stream-browserify,substack/stream-browserify,1,0.8125127198220508,7,0.5,0.875,1,0.07142857142857142,0.125,6,0.42857142857142855,0.75
hosted-git-info,npm/hosted-git-info,1,0.8123607186853714,25,0.5319148936170213,0.9259259259259259,2,0.0425531914893617,0.07407407407407407,20,0.425531914893617,0.7407407407407407
jsonpointer,janl/node-jsonpointer,1,0.81233817365021,5,0.7142857142857143,1,0,0,0,2,0.2857142857142857,0.4
i18next,i18next/i18next,1,0.8122192818743452,189,0.7590361445783133,0.8915094339622641,23,0.09236947791164658,0.10849056603773585,37,0.14859437751004015,0.17452830188679244
ripemd160,crypto-browserify/ripemd160,1,0.8120518554887146,3,0.375,0.75,1,0.125,0.25,4,0.5,1
immutability-helper,kolodny/immutability-helper,1,0.8119827188781985,28,0.9333333333333333,0.9333333333333333,2,0.06666666666666667,0.06666666666666667,0,0,0
fast-json-stable-stringify,epoberezkin/fast-json-stable-stringify,1,0.8118446810205555,2,0.6666666666666666,1,0,0,0,1,0.3333333333333333,0.5
mimic-fn,sindresorhus/mimic-fn,1,0.8118106714378219,6,0.8571428571428571,1,0,0,0,1,0.14285714285714285,0.16666666666666666
prepend-http,sindresorhus/prepend-http,1,0.8117979466113165,8,1,1,0,0,0,0,0,0
d,medikoo/d,1,0.811743278208767,1,0.25,0.3333333333333333,2,0.5,0.6666666666666666,1,0.25,0.3333333333333333
reduce-css-calc,MoOx/reduce-css-calc,1,0.811737485513261,28,0.9032258064516129,0.9655172413793104,1,0.03225806451612903,0.034482758620689655,2,0.06451612903225806,0.06896551724137931
is-fullwidth-code-point,sindresorhus/is-fullwidth-code-point,1,0.8115107282742802,3,1,1,0,0,0,0,0,0
fancy-log,js-cli/fancy-log,1,0.8114996458340383,2,0.2857142857142857,1,0,0,0,5,0.7142857142857143,2.5
eslint-config-prettier,prettier/eslint-config-prettier,1,0.811358685578444,50,0.8928571428571429,1,0,0,0,6,0.10714285714285714,0.12
koa-compose,koajs/compose,1,0.8112286434113574,11,0.8461538461538461,1,0,0,0,2,0.15384615384615385,0.18181818181818182
har-schema,ahmadnassri/har-schema,1,0.8111368134766177,0,0,NaN,0,0,NaN,2,1,Infinity
extglob,micromatch/extglob,1,0.8110510837589004,5,0.4166666666666667,0.5555555555555556,4,0.3333333333333333,0.4444444444444444,3,0.25,0.3333333333333333
gulp-if,robrich/gulp-if,1,0.811044475025845,9,0.6,0.75,3,0.2,0.25,3,0.2,0.25
set-immediate-shim,sindresorhus/set-immediate-shim,1,0.8108366856551787,3,1,1,0,0,0,0,0,0
p-locate,sindresorhus/p-locate,1,0.81058687695405,5,0.8333333333333334,1,0,0,0,1,0.16666666666666666,0.2
pumpify,mafintosh/pumpify,1,0.8104772990229583,19,0.8636363636363636,0.9047619047619048,2,0.09090909090909091,0.09523809523809523,1,0.045454545454545456,0.047619047619047616
uid-safe,crypto-utils/uid-safe,1,0.8104389525058223,10,0.8333333333333334,1,0,0,0,2,0.16666666666666666,0.2
split-string,jonschlinkert/split-string,1,0.8104182987546276,14,0.7368421052631579,0.8235294117647058,3,0.15789473684210525,0.17647058823529413,2,0.10526315789473684,0.11764705882352941
function-bind,Raynos/function-bind,1,0.810269562866794,0,0,NaN,0,0,NaN,5,1,Infinity
locate-path,sindresorhus/locate-path,1,0.8101579748257783,6,0.8571428571428571,1,0,0,0,1,0.14285714285714285,0.16666666666666666
remove-trailing-separator,darsain/remove-trailing-separator,1,0.8098901570374928,2,0.5,0.5,2,0.5,0.5,0,0,0
expand-tilde,jonschlinkert/expand-tilde,1,0.8097407436422467,3,0.3333333333333333,0.6,2,0.2222222222222222,0.4,4,0.4444444444444444,0.8
write,jonschlinkert/write,1,0.8094379887649376,7,0.5833333333333334,0.7777777777777778,2,0.16666666666666666,0.2222222222222222,3,0.25,0.3333333333333333
is-resolvable,shinnn/is-resolvable,1,0.8094290126464795,4,1,1,0,0,0,0,0,0
require-main-filename,yargs/require-main-filename,1,0.8094208311899698,2,0.6666666666666666,0.6666666666666666,1,0.3333333333333333,0.3333333333333333,0,0,0
create-hash,crypto-browserify/createHash,1,0.8093404317130142,5,0.625,1,0,0,0,3,0.375,0.6
plugin-error,gulpjs/plugin-error,1,0.8093114539087152,2,0.4,0.5,2,0.4,0.5,1,0.2,0.25
multicast-dns,mafintosh/multicast-dns,1,0.8089623235088417,36,0.9473684210526315,1,0,0,0,2,0.05263157894736842,0.05555555555555555
trim-newlines,sindresorhus/trim-newlines,1,0.8088937667628361,3,1,1,0,0,0,0,0,0
strip-eof,sindresorhus/strip-eof,1,0.8087886456800685,2,1,1,0,0,0,0,0,0
string-template,Matt-Esch/string-template,1,0.8085149156493627,4,0.6666666666666666,0.8,1,0.16666666666666666,0.2,1,0.16666666666666666,0.2
regexpu-core,mathiasbynens/regexpu-core,1,0.8083998855021629,31,0.8378378378378378,0.8378378378378378,6,0.16216216216216217,0.16216216216216217,0,0,0
is-ci,watson/is-ci,1,0.8081700128764429,14,0.875,0.9333333333333333,1,0.0625,0.06666666666666667,1,0.0625,0.06666666666666667
trim-right,sindresorhus/trim-right,1,0.8081304860296226,2,1,1,0,0,0,0,0,0
multimatch,sindresorhus/multimatch,1,0.808127494471689,3,0.3,0.75,1,0.1,0.25,6,0.6,1.5
slice-ansi,chalk/slice-ansi,1,0.8080030472241866,7,0.7777777777777778,1,0,0,0,2,0.2222222222222222,0.2857142857142857
run-sequence,OverZealous/run-sequence,1,0.8079797969365357,21,0.9130434782608695,0.9545454545454546,1,0.043478260869565216,0.045454545454545456,1,0.043478260869565216,0.045454545454545456
fill-range,jonschlinkert/fill-range,1,0.8078222282195515,10,0.3333333333333333,0.8333333333333334,2,0.06666666666666667,0.16666666666666666,18,0.6,1.5
lie,calvinmetcalf/lie,1,0.8077962995723593,17,0.3617021276595745,1,0,0,0,30,0.6382978723404256,1.7647058823529411
from2,hughsk/from2,1,0.8077025557593926,5,0.3333333333333333,0.625,3,0.2,0.375,7,0.4666666666666667,0.875
cacache,zkat/cacache,1,0.8073218802155611,28,0.5283018867924528,0.5490196078431373,23,0.4339622641509434,0.45098039215686275,2,0.03773584905660377,0.0392156862745098
postcss-scss,postcss/postcss-scss,1,0.807263199850847,30,0.9375,0.967741935483871,1,0.03125,0.03225806451612903,1,0.03125,0.03225806451612903
is-obj,sindresorhus/is-obj,1,0.8072005837203375,3,1,1,0,0,0,0,0,0
gulp-eslint,adametry/gulp-eslint,1,0.8071846592126468,45,0.9,0.9375,3,0.06,0.0625,2,0.04,0.041666666666666664
es6-iterator,medikoo/es6-iterator,1,0.80711521403272,5,0.5,0.5555555555555556,4,0.4,0.4444444444444444,1,0.1,0.1111111111111111
any-promise,kevinbeaty/any-promise,1,0.8070243303780363,7,0.875,0.875,1,0.125,0.125,0,0,0
es6-weak-map,medikoo/es6-weak-map,1,0.8070156665930226,10,0.7692307692307693,0.9090909090909091,1,0.07692307692307693,0.09090909090909091,2,0.15384615384615385,0.18181818181818182
wordwrap,substack/node-wordwrap,1,0.8067586277006451,0,0,NaN,0,0,NaN,4,1,Infinity
archy,substack/node-archy,1,0.8067498973482002,1,0.25,1,0,0,0,3,0.75,3
postcss-url,postcss/postcss-url,1,0.8066913915068135,49,0.9423076923076923,0.9423076923076923,3,0.057692307692307696,0.057692307692307696,0,0,0
keycode,timoxley/keycode,1,0.8065916663679653,11,0.6875,0.7857142857142857,3,0.1875,0.21428571428571427,2,0.125,0.14285714285714285
is-regex,ljharb/is-regex,1,0.8065430638962208,6,0.6,1,0,0,0,4,0.4,0.6666666666666666
is-svg,sindresorhus/is-svg,1,0.8065148185940698,16,0.8421052631578947,1,0,0,0,3,0.15789473684210525,0.1875
meow,sindresorhus/meow,1,0.806477189993699,17,0.68,1,0,0,0,8,0.32,0.47058823529411764
console-browserify,Raynos/console-browserify,1,0.8064123078023715,5,0.4166666666666667,0.8333333333333334,1,0.08333333333333333,0.16666666666666666,6,0.5,1
upath,anodynos/upath,1,0.8064086762987948,15,0.75,0.7894736842105263,4,0.2,0.21052631578947367,1,0.05,0.05263157894736842
is-primitive,jonschlinkert/is-primitive,1,0.8063556143725756,1,0.2,0.3333333333333333,2,0.4,0.6666666666666666,2,0.4,0.6666666666666666
hash-base,crypto-browserify/hash-base,1,0.8062896131598033,10,0.8333333333333334,1,0,0,0,2,0.16666666666666666,0.2
enzyme-to-json,adriantoine/enzyme-to-json,1,0.8062031499883311,28,0.8235294117647058,0.9333333333333333,2,0.058823529411764705,0.06666666666666667,4,0.11764705882352941,0.13333333333333333
is-descriptor,jonschlinkert/is-descriptor,1,0.8061592767464264,7,0.7,1,0,0,0,3,0.3,0.42857142857142855
num2fraction,yisibl/num2fraction,1,0.8061297557267866,5,0.8333333333333334,1,0,0,0,1,0.16666666666666666,0.2
regex-not,jonschlinkert/regex-not,1,0.8061063311978294,4,0.6666666666666666,0.8,1,0.16666666666666666,0.2,1,0.16666666666666666,0.2
latest-version,sindresorhus/latest-version,1,0.8058666971738988,12,1,1,0,0,0,0,0,0
merge,yeikos/js.merge,1,0.8056644018975757,0,0,NaN,0,0,NaN,9,1,Infinity
is-callable,ljharb/is-callable,1,0.8056599586717805,9,0.6428571428571429,1,0,0,0,5,0.35714285714285715,0.5555555555555556
xdg-basedir,sindresorhus/xdg-basedir,1,0.8054302727960103,5,1,1,0,0,0,0,0,0
collection-visit,jonschlinkert/collection-visit,1,0.8053964803674116,2,0.3333333333333333,1,0,0,0,4,0.6666666666666666,2
browserify-aes,crypto-browserify/browserify-aes,1,0.8053284665661173,26,0.9629629629629629,1,0,0,0,1,0.037037037037037035,0.038461538461538464
tapable,webpack/tapable,1,0.8053036245112992,23,0.5,0.7419354838709677,8,0.17391304347826086,0.25806451612903225,15,0.32608695652173914,0.4838709677419355
path-parse,jbgutierrez/path-parse,1,0.8051519054748013,4,0.5714285714285714,0.8,1,0.14285714285714285,0.2,2,0.2857142857142857,0.4
get-caller-file,stefanpenner/get-caller-file,1,0.8050419473111028,8,0.8,0.8888888888888888,1,0.1,0.1111111111111111,1,0.1,0.1111111111111111
string-length,sindresorhus/string-length,1,0.8049331999660533,10,0.9090909090909091,1,0,0,0,1,0.09090909090909091,0.1
decompress,kevva/decompress,1,0.8048541522347903,30,0.7692307692307693,0.8333333333333334,6,0.15384615384615385,0.16666666666666666,3,0.07692307692307693,0.08333333333333333
method-override,expressjs/method-override,1,0.804830363746147,22,0.9565217391304348,1,0,0,0,1,0.043478260869565216,0.045454545454545456
onecolor,One-com/one-color,1,0.804613605374334,7,0.20588235294117646,1,0,0,0,27,0.7941176470588235,3.857142857142857
eslint-plugin-prettier,prettier/eslint-plugin-prettier,1,0.8044667400729915,20,0.8,0.9090909090909091,2,0.08,0.09090909090909091,3,0.12,0.13636363636363635
url-parse-lax,sindresorhus/url-parse-lax,1,0.8043254664316917,4,1,1,0,0,0,0,0,0
lcid,sindresorhus/lcid,1,0.804306946846159,5,1,1,0,0,0,0,0,0
jsx-ast-utils,evcohen/jsx-ast-utils,1,0.8042492115270284,23,0.8518518518518519,0.9583333333333334,1,0.037037037037037035,0.041666666666666664,3,0.1111111111111111,0.125
eslint-plugin-promise,xjamundx/eslint-plugin-promise,1,0.8042439082681969,20,0.6451612903225806,1,0,0,0,11,0.3548387096774194,0.55
unset-value,jonschlinkert/unset-value,1,0.804157225992853,4,0.8,1,0,0,0,1,0.2,0.25
is-absolute,jonschlinkert/is-absolute,1,0.80415167173705,8,0.6153846153846154,0.8888888888888888,1,0.07692307692307693,0.1111111111111111,4,0.3076923076923077,0.4444444444444444
object.values,es-shims/Object.values,1,0.8040836344435804,8,0.8888888888888888,1,0,0,0,1,0.1111111111111111,0.125
big-integer,peterolson/BigInteger.js,1,0.8038898106414745,46,0.5,0.8679245283018868,7,0.07608695652173914,0.1320754716981132,39,0.42391304347826086,0.7358490566037735
espree,eslint/espree,1,0.8038672252121799,68,0.9066666666666666,0.9855072463768116,1,0.013333333333333334,0.014492753623188406,6,0.08,0.08695652173913043
callsites,sindresorhus/callsites,1,0.803832504299452,7,1,1,0,0,0,0,0,0
prr,rvagg/prr,1,0.8037424230048716,2,0.6666666666666666,1,0,0,0,1,0.3333333333333333,0.5
flux-standard-action,acdlite/flux-standard-action,1,0.8037114236632985,13,0.7647058823529411,0.8125,3,0.17647058823529413,0.1875,1,0.058823529411764705,0.0625
abbrev,isaacs/abbrev-js,1,0.8036979964843732,0,0,0,6,0.75,1,2,0.25,0.3333333333333333
is-symbol,ljharb/is-symbol,1,0.803642267235624,2,0.5,1,0,0,0,2,0.5,1
inflight,npm/inflight,1,0.8035906301549514,1,0.14285714285714285,0.5,1,0.14285714285714285,0.5,5,0.7142857142857143,2.5
wrappy,npm/wrappy,1,0.8035023040555354,1,0.25,1,0,0,0,3,0.75,3
schema-utils,webpack-contrib/schema-utils,1,0.8034482024918856,23,0.7666666666666667,0.8846153846153846,3,0.1,0.11538461538461539,4,0.13333333333333333,0.15384615384615385
ent,substack/node-ent,1,0.8033429406750077,7,0.5384615384615384,1,0,0,0,6,0.46153846153846156,0.8571428571428571
thunky,mafintosh/thunky,1,0.803093582441547,3,0.5,0.6,2,0.3333333333333333,0.4,1,0.16666666666666666,0.2
ember-cli-htmlbars,ember-cli/ember-cli-htmlbars,1,0.8030737463541295,53,0.5520833333333334,0.8833333333333333,7,0.07291666666666667,0.11666666666666667,36,0.375,0.6
tildify,sindresorhus/tildify,1,0.8028757374737757,6,0.75,0.75,2,0.25,0.25,0,0,0
is-absolute-url,sindresorhus/is-absolute-url,1,0.8028133217200435,8,1,1,0,0,0,0,0,0
browserify-sign,crypto-browserify/browserify-sign,1,0.8027772061536422,27,0.9,0.9310344827586207,2,0.06666666666666667,0.06896551724137931,1,0.03333333333333333,0.034482758620689655
is-date-object,ljharb/is-date-object,1,0.8027712470554029,2,0.6666666666666666,1,0,0,0,1,0.3333333333333333,0.5
cli-color,medikoo/cli-color,1,0.8025894296025329,11,0.5,0.7857142857142857,3,0.13636363636363635,0.21428571428571427,8,0.36363636363636365,0.5714285714285714
filename-regex,regexhq/filename-regex,1,0.8025146790385976,0,0,0,1,0.25,1,3,0.75,3
file-entry-cache,royriojas/file-entry-cache,1,0.802474191909033,10,0.7142857142857143,0.9090909090909091,1,0.07142857142857142,0.09090909090909091,3,0.21428571428571427,0.2727272727272727
requires-port,unshiftio/requires-port,1,0.8024513070998484,2,0.6666666666666666,1,0,0,0,1,0.3333333333333333,0.5
create-error-class,floatdrop/create-error-class,1,0.8024500426211341,6,1,1,0,0,0,0,0,0
braces,micromatch/braces,1,0.802346881318529,18,0.5142857142857142,0.8571428571428571,3,0.08571428571428572,0.14285714285714285,14,0.4,0.6666666666666666
has-values,jonschlinkert/has-values,1,0.8022698680765329,5,0.7142857142857143,1,0,0,0,2,0.2857142857142857,0.4
has-ansi,chalk/has-ansi,1,0.8022491463428656,8,0.8888888888888888,1,0,0,0,1,0.1111111111111111,0.125
buffer-xor,crypto-browserify/buffer-xor,1,0.8022236331097329,4,0.5714285714285714,1,0,0,0,3,0.42857142857142855,0.75
array-find-index,sindresorhus/array-find-index,1,0.8021761670085953,3,1,1,0,0,0,0,0,0
array-union,sindresorhus/array-union,1,0.8021204252363245,6,0.75,1,0,0,0,2,0.25,0.3333333333333333
global-modules,jonschlinkert/global-modules,1,0.802061245984867,2,0.2857142857142857,0.3333333333333333,4,0.5714285714285714,0.6666666666666666,1,0.14285714285714285,0.16666666666666666
tar-fs,mafintosh/tar-fs,1,0.8020319539186356,50,0.9090909090909091,0.9433962264150944,3,0.05454545454545454,0.05660377358490566,2,0.03636363636363636,0.03773584905660377
center-align,jonschlinkert/center-align,1,0.8019683140339364,4,0.6666666666666666,1,0,0,0,2,0.3333333333333333,0.5
array-slice,jonschlinkert/array-slice,1,0.8019634477339455,2,0.3333333333333333,0.6666666666666666,1,0.16666666666666666,0.3333333333333333,3,0.5,1
resolve-dir,jonschlinkert/resolve-dir,1,0.8018803860737935,3,0.75,0.75,1,0.25,0.25,0,0,0
fs-readdir-recursive,fs-utils/fs-readdir-recursive,1,0.8018479591498522,6,0.8571428571428571,1,0,0,0,1,0.14285714285714285,0.16666666666666666
agentkeepalive,node-modules/agentkeepalive,1,0.801632872351385,26,0.6341463414634146,0.7647058823529411,8,0.1951219512195122,0.23529411764705882,7,0.17073170731707318,0.20588235294117646
postcss-custom-properties,postcss/postcss-custom-properties,1,0.8014501889064672,47,0.9791666666666666,0.9791666666666666,1,0.020833333333333332,0.020833333333333332,0,0,0
registry-auth-token,rexxars/registry-auth-token,1,0.8012933097834523,21,1,1,0,0,0,0,0,0
toposort,marcelklehr/toposort,1,0.8009597334107375,12,0.5454545454545454,0.75,4,0.18181818181818182,0.25,6,0.2727272727272727,0.375
global-prefix,jonschlinkert/global-prefix,1,0.8009302098282693,4,0.4,0.4444444444444444,5,0.5,0.5555555555555556,1,0.1,0.1111111111111111
diffie-hellman,crypto-browserify/diffie-hellman,1,0.8009118393584541,16,0.7619047619047619,0.9411764705882353,1,0.047619047619047616,0.058823529411764705,4,0.19047619047619047,0.23529411764705882
symbol-tree,jsdom/js-symbol-tree,1,0.8007951923662209,5,0.2777777777777778,1,0,0,0,13,0.7222222222222222,2.6
map-visit,jonschlinkert/map-visit,1,0.8006244314977347,4,0.6666666666666666,1,0,0,0,2,0.3333333333333333,0.5
next-tick,medikoo/next-tick,1,0.8003653600813309,4,0.6666666666666666,1,0,0,0,2,0.3333333333333333,0.5
warning,BerkeleyTrue/warning,1,0.8003068339937269,2,0.2,0.6666666666666666,1,0.1,0.3333333333333333,7,0.7,2.3333333333333335
pretty-hrtime,robrich/pretty-hrtime,1,0.8002495268568575,6,0.8571428571428571,0.8571428571428571,1,0.14285714285714285,0.14285714285714285,0,0,0
registry-url,sindresorhus/registry-url,1,0.8001907569561009,13,1,1,0,0,0,0,0,0
path-key,sindresorhus/path-key,1,0.8000817073649154,6,1,1,0,0,0,0,0,0
clone-deep,jonschlinkert/clone-deep,1,0.7999440791260872,10,0.6666666666666666,0.7142857142857143,4,0.26666666666666666,0.2857142857142857,1,0.06666666666666667,0.07142857142857142
cipher-base,crypto-browserify/cipher-base,1,0.7999436486490273,2,0.4,1,0,0,0,3,0.6,1.5
postcss-reporter,postcss/postcss-reporter,1,0.7998759734161701,19,0.7916666666666666,0.8260869565217391,4,0.16666666666666666,0.17391304347826086,1,0.041666666666666664,0.043478260869565216
object-visit,jonschlinkert/object-visit,1,0.7995424479421922,6,0.6,0.75,2,0.2,0.25,2,0.2,0.25
generate-function,mafintosh/generate-function,1,0.7995357800236149,10,0.9090909090909091,1,0,0,0,1,0.09090909090909091,0.1
shebang-regex,sindresorhus/shebang-regex,1,0.7994760187868313,3,1,1,0,0,0,0,0,0
parcel-bundler,parcel-bundler/parcel,1,0.7994553312227508,0,NaN,NaN,0,NaN,NaN,0,NaN,NaN
parse-filepath,jonschlinkert/parse-filepath,1,0.7994060368923874,1,0.06666666666666667,0.3333333333333333,2,0.13333333333333333,0.6666666666666666,12,0.8,4
p-try,sindresorhus/p-try,1,0.7992795188398643,4,1,1,0,0,0,0,0,0
acorn-globals,ForbesLindesay/acorn-globals,1,0.7991199512108128,18,0.8181818181818182,0.8181818181818182,4,0.18181818181818182,0.18181818181818182,0,0,0
iterall,leebyron/iterall,1,0.799058777083792,12,0.9230769230769231,0.9230769230769231,1,0.07692307692307693,0.07692307692307693,0,0,0
caller-path,sindresorhus/caller-path,1,0.7990388675814764,4,1,1,0,0,0,0,0,0
term-size,sindresorhus/term-size,1,0.7989443174126976,9,0.9,1,0,0,0,1,0.1,0.1111111111111111
randexp,fent/randexp.js,1,0.7989406859258662,4,0.23529411764705882,1,0,0,0,13,0.7647058823529411,3.25
unist-util-visit,syntax-tree/unist-util-visit,1,0.7987551452497414,15,1,1,0,0,0,0,0,0
postcss-message-helpers,MoOx/postcss-message-helpers,1,0.7987315385695142,3,0.75,1,0,0,0,1,0.25,0.3333333333333333
nanomatch,micromatch/nanomatch,1,0.7986347758368046,11,0.4074074074074074,0.4230769230769231,15,0.5555555555555556,0.5769230769230769,1,0.037037037037037035,0.038461538461538464
is-retry-allowed,floatdrop/is-retry-allowed,1,0.7985575926871846,2,0.3333333333333333,0.6666666666666666,1,0.16666666666666666,0.3333333333333333,3,0.5,1
postcss-load-plugins,michael-ciniawsky/postcss-load-plugins,1,0.798543008050828,6,0.5454545454545454,0.75,2,0.18181818181818182,0.25,3,0.2727272727272727,0.375
is-builtin-module,sindresorhus/is-builtin-module,1,0.7982964254896266,3,1,1,0,0,0,0,0,0
cache-base,jonschlinkert/cache-base,1,0.7980077173873308,13,0.5909090909090909,0.8125,3,0.13636363636363635,0.1875,6,0.2727272727272727,0.375
is-accessor-descriptor,jonschlinkert/is-accessor-descriptor,1,0.7979598684206715,5,0.5,0.7142857142857143,2,0.2,0.2857142857142857,3,0.3,0.42857142857142855
magic-string,Rich-Harris/magic-string,1,0.7976763596272953,45,0.5,0.9183673469387755,4,0.044444444444444446,0.08163265306122448,41,0.45555555555555555,0.8367346938775511
fsevents,strongloop/fsevents,1,0.7974875006544282,26,0.48148148148148145,0.7878787878787878,7,0.12962962962962962,0.21212121212121213,21,0.3888888888888889,0.6363636363636364
immutable,facebook/immutable-js,1,0.797469146804821,32,0.47761194029850745,0.9696969696969697,1,0.014925373134328358,0.030303030303030304,34,0.5074626865671642,1.0303030303030303
shebang-command,kevva/shebang-command,1,0.7974443211265778,4,1,1,0,0,0,0,0,0
is-binary-path,sindresorhus/is-binary-path,1,0.797376930225716,4,0.8,0.8,1,0.2,0.2,0,0,0
ssri,zkat/ssri,1,0.79726633755527,17,0.7391304347826086,0.8095238095238095,4,0.17391304347826086,0.19047619047619047,2,0.08695652173913043,0.09523809523809523
is-data-descriptor,jonschlinkert/is-data-descriptor,1,0.7972278073727161,2,0.2857142857142857,0.5,2,0.2857142857142857,0.5,3,0.42857142857142855,0.75
proxyquire,thlorenz/proxyquire,1,0.7971671647314207,36,0.7659574468085106,0.972972972972973,1,0.02127659574468085,0.02702702702702703,10,0.2127659574468085,0.2702702702702703
dargs,sindresorhus/dargs,1,0.7970115107315167,17,0.9444444444444444,0.9444444444444444,1,0.05555555555555555,0.05555555555555555,0,0,0
semver-diff,sindresorhus/semver-diff,1,0.796571621906117,7,1,1,0,0,0,0,0,0
void-elements,pugjs/void-elements,1,0.7965448215253634,4,0.6666666666666666,1,0,0,0,2,0.3333333333333333,0.5
object.entries,es-shims/Object.entries,1,0.7965032615814513,7,0.7777777777777778,1,0,0,0,2,0.2222222222222222,0.2857142857142857
pathval,chaijs/pathval,1,0.7964567817630699,3,0.75,1,0,0,0,1,0.25,0.3333333333333333
is-path-inside,sindresorhus/is-path-inside,1,0.7964133298675791,7,0.7777777777777778,0.875,1,0.1111111111111111,0.125,1,0.1111111111111111,0.125
external-editor,mrkmg/node-external-editor,1,0.7963731005837141,3,0.16666666666666666,1,0,0,0,15,0.8333333333333334,5
jasmine-spec-reporter,bcaudan/jasmine-spec-reporter,1,0.7963609481199176,35,0.7954545454545454,0.9722222222222222,1,0.022727272727272728,0.027777777777777776,8,0.18181818181818182,0.2222222222222222
selfsigned,jfromaniello/selfsigned,1,0.7963244528640874,19,0.8636363636363636,0.9047619047619048,2,0.09090909090909091,0.09523809523809523,1,0.045454545454545456,0.047619047619047616
glob-watcher,gulpjs/glob-watcher,1,0.7963055032299251,5,0.2631578947368421,0.8333333333333334,1,0.05263157894736842,0.16666666666666666,13,0.6842105263157895,2.1666666666666665
path-is-inside,domenic/path-is-inside,1,0.7962023811953344,2,0.6666666666666666,1,0,0,0,1,0.3333333333333333,0.5
md5.js,crypto-browserify/md5.js,1,0.7960794301698837,8,0.8888888888888888,1,0,0,0,1,0.1111111111111111,0.125
inflection,dreamerslab/node.inflection,1,0.7959562528021711,0,0,NaN,0,0,NaN,36,1,Infinity
assertion-error,chaijs/assertion-error,1,0.7958312249552075,4,0.8,1,0,0,0,1,0.2,0.25
parse-asn1,crypto-browserify/parse-asn1,1,0.7958045716918147,9,0.5294117647058824,0.9,1,0.058823529411764705,0.1,7,0.4117647058823529,0.7
sliced,aheckmann/sliced,1,0.7956939415277082,2,0.2857142857142857,1,0,0,0,5,0.7142857142857143,2.5
compare-versions,omichelsen/compare-versions,1,0.7956571199761262,17,0.9444444444444444,1,0,0,0,1,0.05555555555555555,0.058823529411764705
beeper,sindresorhus/beeper,1,0.7955909667439212,4,0.8,1,0,0,0,1,0.2,0.25
clap,lahmatiy/clap,1,0.795397751445877,25,0.9615384615384616,0.9615384615384616,1,0.038461538461538464,0.038461538461538464,0,0,0
reduce-function-call,MoOx/reduce-function-call,1,0.7953270186868356,4,1,1,0,0,0,0,0,0
end-of-stream,mafintosh/end-of-stream,1,0.7952356812210252,3,0.2,1,0,0,0,12,0.8,4
html-comment-regex,stevemao/html-comment-regex,1,0.7951641848915056,5,1,1,0,0,0,0,0,0
redent,sindresorhus/redent,1,0.7950735576654033,3,1,1,0,0,0,0,0,0
use,jonschlinkert/use,1,0.7949338930463017,4,0.4444444444444444,0.6666666666666666,2,0.2222222222222222,0.3333333333333333,3,0.3333333333333333,0.5
mongodb-core,mongodb-js/mongodb-core,1,0.7949072395422077,83,0.49700598802395207,0.6058394160583942,54,0.32335329341317365,0.39416058394160586,30,0.17964071856287425,0.21897810218978103
strict-uri-encode,kevva/strict-uri-encode,1,0.7948868868475616,5,1,1,0,0,0,0,0,0
unique-stream,eugeneware/unique-stream,1,0.7947475250625984,12,0.75,0.8571428571428571,2,0.125,0.14285714285714285,2,0.125,0.14285714285714285
is-typedarray,hughsk/is-typedarray,1,0.7946601259030616,0,0,NaN,0,0,NaN,2,1,Infinity
import-lazy,sindresorhus/import-lazy,1,0.7945861776647196,3,0.75,1,0,0,0,1,0.25,0.3333333333333333
command-line-args,75lb/command-line-args,1,0.7943506994743856,66,0.9565217391304348,0.9850746268656716,1,0.014492753623188406,0.014925373134328358,2,0.028985507246376812,0.029850746268656716
homedir-polyfill,doowb/homedir-polyfill,1,0.7941712221696879,2,0.5,0.6666666666666666,1,0.25,0.3333333333333333,1,0.25,0.3333333333333333
icss-utils,css-modules/icss-utils,1,0.7940913626800677,9,0.9,0.9,1,0.1,0.1,0,0,0
resolve-cwd,sindresorhus/resolve-cwd,1,0.793897813236829,3,1,1,0,0,0,0,0,0
socks,JoshGlazebrook/socks,1,0.7936022596694403,18,0.5454545454545454,0.8181818181818182,4,0.12121212121212122,0.18181818181818182,11,0.3333333333333333,0.5
split2,mcollina/split2,1,0.7934529189589945,15,0.7894736842105263,1,0,0,0,4,0.21052631578947367,0.26666666666666666
is-wsl,sindresorhus/is-wsl,1,0.79345211450269,5,0.8333333333333334,1,0,0,0,1,0.16666666666666666,0.2
postcss-filter-plugins,postcss/postcss-filter-plugins,1,0.7931489572412789,7,1,1,0,0,0,0,0,0
agent-base,TooTallNate/node-agent-base,1,0.7928456802049065,16,0.6956521739130435,1,0,0,0,7,0.30434782608695654,0.4375
tsconfig,TypeStrong/tsconfig,1,0.7926262466148024,18,0.782608695652174,0.8571428571428571,3,0.13043478260869565,0.14285714285714285,2,0.08695652173913043,0.09523809523809523
binary-extensions,sindresorhus/binary-extensions,1,0.7925184458964322,21,0.9130434782608695,1,0,0,0,2,0.08695652173913043,0.09523809523809523
to-regex,jonschlinkert/to-regex,1,0.7924671393908502,5,0.625,0.7142857142857143,2,0.25,0.2857142857142857,1,0.125,0.14285714285714285
postcss-color-function,postcss/postcss-color-function,1,0.7924049928938799,11,1,1,0,0,0,0,0,0
precss,jonathantneal/precss,1,0.7922746629135076,23,0.92,0.92,2,0.08,0.08,0,0,0
alphanum-sort,TrySound/alphanum-sort,1,0.7922575712567792,3,1,1,0,0,0,0,0,0
sugarss,postcss/sugarss,1,0.7921262589349074,16,1,1,0,0,0,0,0,0
untildify,sindresorhus/untildify,1,0.7920958675526852,8,0.8888888888888888,0.8888888888888888,1,0.1111111111111111,0.1111111111111111,0,0,0
aproba,iarna/aproba,1,0.7920391265640755,3,0.3,1,0,0,0,7,0.7,2.3333333333333335
pretty-ms,sindresorhus/pretty-ms,1,0.7920082925236116,20,0.8695652173913043,0.9523809523809523,1,0.043478260869565216,0.047619047619047616,2,0.08695652173913043,0.09523809523809523
stack-utils,tapjs/stack-utils,1,0.791881161650744,8,0.6666666666666666,0.6666666666666666,4,0.3333333333333333,0.3333333333333333,0,0,0
ps-tree,indexzero/ps-tree,1,0.7916999148935697,1,0.14285714285714285,0.25,3,0.42857142857142855,0.75,3,0.42857142857142855,0.75
safe-regex,substack/safe-regex,1,0.791517182297443,1,0.25,0.3333333333333333,2,0.5,0.6666666666666666,1,0.25,0.3333333333333333
postcss-load-options,michael-ciniawsky/postcss-load-options,1,0.7914638655970916,4,0.36363636363636365,0.6666666666666666,2,0.18181818181818182,0.3333333333333333,5,0.45454545454545453,0.8333333333333334
stealthy-require,analog-nico/stealthy-require,1,0.791409570790802,3,0.75,1,0,0,0,1,0.25,0.3333333333333333
decimal.js,MikeMcl/decimal.js,1,0.7913810882353614,30,0.6818181818181818,0.967741935483871,1,0.022727272727272728,0.03225806451612903,13,0.29545454545454547,0.41935483870967744
gulp-clean-css,scniro/gulp-clean-css,1,0.7913751903298669,45,0.8490566037735849,0.9574468085106383,2,0.03773584905660377,0.0425531914893617,6,0.11320754716981132,0.1276595744680851
d3-array,d3/d3-array,1,0.7910222261373235,0,0,NaN,0,0,NaN,44,1,Infinity
to-arraybuffer,jhiesey/to-arraybuffer,1,0.7909789623317901,1,1,1,0,0,0,0,0,0
snapdragon-util,here-be/snapdragon-util,1,0.7908269344256171,11,0.6875,0.8461538461538461,2,0.125,0.15384615384615385,3,0.1875,0.23076923076923078
address,node-modules/address,1,0.7906983781917571,4,0.4,0.5,4,0.4,0.5,2,0.2,0.25
invert-kv,sindresorhus/invert-kv,1,0.7904010323136397,4,0.8,1,0,0,0,1,0.2,0.25
ansi-align,nexdrew/ansi-align,1,0.7903763470580158,4,1,1,0,0,0,0,0,0
array-filter,juliangruber/array-filter,1,0.7903710535665742,5,0.8333333333333334,1,0,0,0,1,0.16666666666666666,0.2
is-object,ljharb/is-object,1,0.7903199119473638,3,0.75,1,0,0,0,1,0.25,0.3333333333333333
browserify-rsa,crypto-browserify/browserify-rsa,1,0.790207898929893,6,0.6666666666666666,0.75,2,0.2222222222222222,0.25,1,0.1111111111111111,0.125
append-transform,istanbuljs/append-transform,1,0.7901667950469226,6,0.8571428571428571,0.8571428571428571,1,0.14285714285714285,0.14285714285714285,0,0,0